8001,OFF
8002,OFF
8003,NOT
8004,OFF
8005,NOT
8006,NOT
8007,NOT
8008,NOT
8009,NOT
8010,NOT
8011,OFF
8012,NOT
8013,NOT
8014,NOT
8015,NOT
8016,NOT
8017,OFF
8018,NOT
8019,OFF
8020,NOT
8021,NOT
8022,NOT
8023,NOT
8024,OFF
8025,NOT
8026,NOT
8027,NOT
8028,NOT
8029,NOT
8030,NOT
8031,NOT
8032,NOT
8033,NOT
8034,NOT
8035,NOT
8036,NOT
8037,NOT
8038,NOT
8039,NOT
8040,OFF
8041,NOT
8042,NOT
8043,NOT
8044,NOT
8045,NOT
8046,NOT
8047,NOT
8048,NOT
8049,NOT
8050,NOT
8051,OFF
8052,NOT
8053,NOT
8054,NOT
8055,NOT
8056,OFF
8057,NOT
8058,NOT
8059,NOT
8060,OFF
8061,NOT
8062,NOT
8063,OFF
8064,NOT
8065,NOT
8066,NOT
8067,OFF
8068,OFF
8069,NOT
8070,NOT
8071,OFF
8072,NOT
8073,OFF
8074,NOT
8075,OFF
8076,NOT
8077,NOT
8078,NOT
8079,NOT
8080,NOT
8081,NOT
8082,NOT
8083,OFF
8084,NOT
8085,OFF
8086,NOT
8087,OFF
8088,NOT
8089,OFF
8090,NOT
8091,NOT
8092,OFF
8093,NOT
8094,NOT
8095,OFF
8096,NOT
8097,NOT
8098,NOT
8099,OFF
8100,NOT
8101,NOT
8102,NOT
8103,NOT
8104,NOT
8105,NOT
8106,NOT
8107,OFF
8108,NOT
8109,OFF
8110,NOT
8111,NOT
8112,NOT
8113,NOT
8114,NOT
8115,NOT
8116,OFF
8117,OFF
8118,OFF
8119,NOT
8120,NOT
8121,NOT
8122,NOT
8123,NOT
8124,OFF
8125,NOT
8126,OFF
8127,OFF
8128,OFF
8129,NOT
8130,NOT
8131,NOT
8132,NOT
8133,NOT
8134,OFF
8135,OFF
8136,NOT
8137,NOT
8138,NOT
8139,NOT
8140,NOT
8141,NOT
8142,NOT
8143,NOT
8144,NOT
8145,OFF
8146,OFF
8147,NOT
8148,NOT
8149,NOT
8150,NOT
8151,NOT
8152,NOT
8153,NOT
8154,NOT
8155,NOT
8156,NOT
8157,NOT
8158,OFF
8159,NOT
8160,OFF
8161,NOT
8162,OFF
8163,NOT
8164,OFF
8165,OFF
8166,NOT
8167,OFF
8168,NOT
8169,NOT
8170,NOT
8171,NOT
8172,NOT
8173,NOT
8174,NOT
8175,NOT
8176,NOT
8177,NOT
8178,NOT
8179,OFF
8180,NOT
8181,NOT
8182,OFF
8183,NOT
8184,NOT
8185,OFF
8186,NOT
8187,NOT
8188,NOT
8189,NOT
8190,NOT
8191,OFF
8192,NOT
8193,NOT
8194,NOT
8195,NOT
8196,NOT
8197,NOT
8198,NOT
8199,OFF
8200,NOT
8201,OFF
8202,NOT
8203,NOT
8204,NOT
8205,OFF
8206,NOT
8207,NOT
8208,NOT
8209,NOT
8210,OFF
8211,NOT
8212,NOT
8213,NOT
8214,NOT
8215,NOT
8216,OFF
8217,NOT
8218,NOT
8219,NOT
8220,NOT
8221,NOT
8222,NOT
8223,OFF
8224,NOT
8225,OFF
8226,NOT
8227,NOT
8228,OFF
8229,NOT
8230,NOT
8231,NOT
8232,NOT
8233,OFF
8234,NOT
8235,NOT
8236,NOT
8237,NOT
8238,NOT
8239,NOT
8240,NOT
8241,NOT
8242,NOT
8243,OFF
8244,NOT
8245,NOT
8246,NOT
8247,NOT
8248,NOT
8249,NOT
8250,OFF
8251,NOT
8252,NOT
8253,OFF
8254,OFF
8255,OFF
8256,NOT
8257,NOT
8258,NOT
8259,NOT
8260,NOT
8261,NOT
8262,OFF
8263,NOT
8264,NOT
8265,OFF
8266,NOT
8267,NOT
8268,NOT
8269,OFF
8270,OFF
8271,NOT
8272,NOT
8273,OFF
8274,NOT
8275,NOT
8276,OFF
8277,NOT
8278,NOT
8279,NOT
8280,NOT
8281,OFF
8282,NOT
8283,NOT
8284,NOT
8285,OFF
8286,NOT
8287,OFF
8288,OFF
8289,NOT
8290,NOT
8291,NOT
8292,NOT
8293,NOT
8294,NOT
8295,NOT
8296,NOT
8297,OFF
8298,NOT
8299,NOT
8300,OFF
8301,NOT
8302,NOT
8303,NOT
8304,NOT
8305,NOT
8306,NOT
8307,NOT
8308,NOT
8309,NOT
8310,OFF
8311,NOT
8312,NOT
8313,NOT
8314,NOT
8315,NOT
8316,NOT
8317,NOT
8318,NOT
8319,NOT
8320,NOT
8321,NOT
8322,OFF
8323,NOT
8324,NOT
8325,NOT
8326,NOT
8327,NOT
8328,NOT
8329,NOT
8330,NOT
8331,NOT
8332,NOT
8333,NOT
8334,NOT
8335,NOT
8336,NOT
8337,OFF
8338,NOT
8339,NOT
8340,NOT
8341,OFF
8342,NOT
8343,NOT
8344,NOT
8345,NOT
8346,NOT
8347,NOT
8348,NOT
8349,NOT
8350,NOT
8351,NOT
8352,OFF
8353,NOT
8354,NOT
8355,NOT
8356,NOT
8357,NOT
8358,NOT
8359,NOT
8360,NOT
8361,NOT
8362,NOT
8363,OFF
8364,NOT
8365,NOT
8366,NOT
8367,NOT
8368,NOT
8369,NOT
8370,NOT
8371,NOT
8372,NOT
8373,OFF
8374,OFF
8375,NOT
8376,NOT
8377,OFF
8378,NOT
8379,NOT
8380,NOT
8381,NOT
8382,OFF
8383,NOT
8384,NOT
8385,NOT
8386,NOT
8387,OFF
8388,NOT
8389,NOT
8390,NOT
8391,NOT
8392,NOT
8393,NOT
8394,NOT
8395,NOT
8396,NOT
8397,NOT
8398,OFF
8399,NOT
8400,NOT
8401,NOT
8402,NOT
8403,OFF
8404,NOT
8405,NOT
8406,NOT
8407,NOT
8408,NOT
8409,NOT
8410,OFF
8411,NOT
8412,OFF
8413,NOT
8414,NOT
8415,NOT
8416,NOT
8417,NOT
8418,NOT
8419,NOT
8420,OFF
8421,NOT
8422,OFF
8423,OFF
8424,OFF
8425,NOT
8426,NOT
8427,NOT
8428,NOT
8429,OFF
8430,NOT
8431,NOT
8432,NOT
8433,NOT
8434,NOT
8435,OFF
8436,NOT
8437,NOT
8438,NOT
8439,NOT
8440,NOT
8441,NOT
8442,NOT
8443,NOT
8444,NOT
8445,OFF
8446,NOT
8447,NOT
8448,NOT
8449,NOT
8450,NOT
8451,NOT
8452,OFF
8453,NOT
8454,NOT
8455,NOT
8456,NOT
8457,NOT
8458,OFF
8459,OFF
8460,OFF
8461,NOT
8462,NOT
8463,OFF
8464,NOT
8465,NOT
8466,NOT
8467,NOT
8468,NOT
8469,NOT
8470,OFF
8471,NOT
8472,NOT
8473,NOT
8474,OFF
8475,NOT
8476,NOT
8477,NOT
8478,NOT
8479,NOT
8480,NOT
8481,NOT
8482,NOT
8483,NOT
8484,OFF
8485,NOT
8486,NOT
8487,NOT
8488,NOT
8489,NOT
8490,NOT
8491,NOT
8492,NOT
8493,OFF
8494,OFF
8495,NOT
8496,NOT
8497,NOT
8498,NOT
8499,OFF
8500,NOT
8501,NOT
8502,NOT
8503,OFF
8504,NOT
8505,NOT
8506,NOT
8507,NOT
8508,OFF
8509,NOT
8510,NOT
8511,NOT
8512,NOT
8513,NOT
8514,NOT
8515,NOT
8516,NOT
8517,NOT
8518,NOT
8519,NOT
8520,NOT
8521,NOT
8522,NOT
8523,NOT
8524,OFF
8525,NOT
8526,NOT
8527,NOT
8528,NOT
8529,OFF
8530,NOT
8531,NOT
8532,NOT
8533,NOT
8534,NOT
8535,NOT
8536,OFF
8537,NOT
8538,NOT
8539,NOT
8540,OFF
8541,NOT
8542,NOT
8543,NOT
8544,NOT
8545,NOT
8546,NOT
8547,OFF
8548,NOT
8549,OFF
8550,NOT
8551,NOT
8552,NOT
8553,NOT
8554,OFF
8555,NOT
8556,NOT
8557,NOT
8558,NOT
8559,NOT
8560,NOT
8561,NOT
8562,NOT
8563,OFF
8564,NOT
8565,NOT
8566,OFF
8567,NOT
8568,NOT
8569,NOT
8570,OFF
8571,NOT
8572,NOT
8573,NOT
8574,OFF
8575,NOT
8576,NOT
8577,NOT
8578,OFF
8579,NOT
8580,NOT
8581,NOT
8582,NOT
8583,OFF
8584,OFF
8585,NOT
8586,OFF
8587,NOT
8588,NOT
8589,NOT
8590,NOT
8591,NOT
8592,NOT
8593,OFF
8594,NOT
8595,NOT
8596,NOT
8597,NOT
8598,NOT
8599,NOT
8600,NOT
8601,OFF
8602,OFF
8603,NOT
8604,NOT
8605,NOT
8606,NOT
8607,OFF
8608,NOT
8609,NOT
8610,NOT
8611,OFF
8612,OFF
8613,OFF
8614,NOT
8615,OFF
8616,OFF
8617,NOT
8618,NOT
8619,OFF
8620,OFF
8621,NOT
8622,NOT
8623,NOT
8624,NOT
8625,NOT
8626,NOT
8627,NOT
8628,NOT
8629,NOT
8630,OFF
8631,NOT
8632,NOT
8633,NOT
8634,OFF
8635,NOT
8636,OFF
8637,NOT
8638,NOT
8639,OFF
8640,OFF
8641,NOT
8642,NOT
8643,NOT
8644,NOT
8645,NOT
8646,NOT
8647,NOT
8648,NOT
8649,OFF
8650,NOT
8651,NOT
8652,NOT
8653,NOT
8654,NOT
8655,OFF
8656,OFF
8657,NOT
8658,NOT
8659,NOT
8660,OFF
8661,OFF
8662,NOT
8663,NOT
8664,NOT
8665,NOT
8666,NOT
8667,OFF
8668,NOT
8669,NOT
8670,NOT
8671,OFF
8672,OFF
8673,NOT
8674,NOT
8675,NOT
8676,OFF
8677,NOT
8678,OFF
8679,OFF
8680,NOT
8681,NOT
8682,NOT
8683,NOT
8684,NOT
8685,NOT
8686,NOT
8687,NOT
8688,NOT
8689,OFF
8690,OFF
8691,OFF
8692,OFF
8693,NOT
8694,OFF
8695,NOT
8696,NOT
8697,NOT
8698,OFF
8699,NOT
8700,NOT
8701,NOT
8702,NOT
8703,NOT
8704,OFF
8705,NOT
8706,OFF
8707,NOT
8708,NOT
8709,NOT
8710,NOT
8711,NOT
8712,OFF
8713,NOT
8714,NOT
8715,NOT
8716,NOT
8717,NOT
8718,NOT
8719,OFF
8720,NOT
8721,NOT
8722,OFF
8723,OFF
8724,NOT
8725,OFF
8726,NOT
8727,NOT
8728,NOT
8729,NOT
8730,OFF
8731,NOT
8732,NOT
8733,NOT
8734,NOT
8735,NOT
8736,NOT
8737,NOT
8738,NOT
8739,NOT
8740,NOT
8741,NOT
8742,NOT
8743,NOT
8744,NOT
8745,NOT
8746,NOT
8747,OFF
8748,NOT
8749,NOT
8750,OFF
8751,NOT
8752,NOT
8753,NOT
8754,NOT
8755,NOT
8756,OFF
8757,NOT
8758,NOT
8759,NOT
8760,NOT
8761,NOT
8762,NOT
8763,NOT
8764,NOT
8765,NOT
8766,NOT
8767,NOT
8768,NOT
8769,OFF
8770,OFF
8771,NOT
8772,NOT
8773,OFF
8774,NOT
8775,OFF
8776,NOT
8777,NOT
8778,NOT
8779,NOT
8780,NOT
8781,NOT
8782,NOT
8783,NOT
8784,NOT
8785,NOT
8786,NOT
8787,NOT
8788,NOT
8789,OFF
8790,NOT
8791,NOT
8792,OFF
8793,NOT
8794,OFF
8795,NOT
8796,OFF
8797,NOT
8798,NOT
8799,NOT
8800,NOT
8801,NOT
8802,NOT
8803,NOT
8804,NOT
8805,NOT
8806,NOT
8807,NOT
8808,NOT
8809,OFF
8810,OFF
8811,NOT
8812,NOT
8813,OFF
8814,NOT
8815,OFF
8816,NOT
8817,NOT
8818,OFF
8819,NOT
8820,NOT
8821,NOT
8822,NOT
8823,NOT
8824,NOT
8825,OFF
8826,NOT
8827,NOT
8828,NOT
8829,OFF
8830,NOT
8831,NOT
8832,OFF
8833,NOT
8834,NOT
8835,OFF
8836,NOT
8837,NOT
8838,NOT
8839,NOT
8840,OFF
8841,OFF
8842,NOT
8843,NOT
8844,NOT
8845,NOT
8846,OFF
8847,NOT
8848,OFF
8849,NOT
8850,NOT
8851,NOT
8852,NOT
8853,OFF
8854,OFF
8855,NOT
8856,NOT
8857,NOT
8858,NOT
8859,NOT
8860,NOT
8861,NOT
8862,NOT
8863,NOT
8864,NOT
8865,NOT
8866,NOT
8867,NOT
8868,NOT
8869,NOT
8870,NOT
8871,NOT
8872,NOT
8873,OFF
8874,NOT
8875,NOT
8876,NOT
8877,NOT
8878,NOT
8879,NOT
8880,NOT
8881,NOT
8882,NOT
8883,OFF
8884,NOT
8885,NOT
8886,NOT
8887,NOT
8888,NOT
8889,NOT
8890,NOT
8891,NOT
8892,OFF
8893,NOT
8894,NOT
8895,NOT
8896,NOT
8897,NOT
8898,NOT
8899,NOT
8900,NOT
8901,NOT
8902,NOT
8903,NOT
8904,OFF
8905,NOT
8906,NOT
8907,NOT
8908,OFF
8909,NOT
8910,NOT
8911,NOT
8912,NOT
8913,OFF
8914,NOT
8915,NOT
8916,NOT
8917,NOT
8918,NOT
8919,OFF
8920,NOT
8921,NOT
8922,OFF
8923,NOT
8924,NOT
8925,NOT
8926,NOT
8927,OFF
8928,NOT
8929,NOT
8930,NOT
8931,NOT
8932,OFF
8933,NOT
8934,NOT
8935,NOT
8936,NOT
8937,NOT
8938,NOT
8939,OFF
8940,NOT
8941,NOT
8942,OFF
8943,OFF
8944,OFF
8945,NOT
8946,NOT
8947,NOT
8948,NOT
8949,NOT
8950,NOT
8951,NOT
8952,NOT
8953,NOT
8954,NOT
8955,NOT
8956,NOT
8957,NOT
8958,NOT
8959,NOT
8960,NOT
8961,NOT
8962,NOT
8963,NOT
8964,NOT
8965,NOT
8966,NOT
8967,OFF
8968,NOT
8969,OFF
8970,NOT
8971,NOT
8972,OFF
8973,NOT
8974,NOT
8975,NOT
8976,NOT
8977,NOT
8978,NOT
8979,NOT
8980,NOT
8981,NOT
8982,NOT
8983,NOT
8984,NOT
8985,OFF
8986,NOT
8987,NOT
8988,NOT
8989,NOT
8990,NOT
8991,NOT
8992,NOT
8993,NOT
8994,NOT
8995,NOT
8996,NOT
8997,OFF
8998,NOT
8999,NOT
9000,NOT
9001,OFF
9002,NOT
9003,NOT
9004,NOT
9005,OFF
9006,OFF
9007,OFF
9008,OFF
9009,OFF
9010,NOT
9011,NOT
9012,NOT
9013,NOT
9014,OFF
9015,NOT
9016,NOT
9017,NOT
9018,NOT
9019,OFF
9020,NOT
9021,NOT
9022,NOT
9023,NOT
9024,NOT
9025,NOT
9026,OFF
9027,NOT
9028,NOT
9029,OFF
9030,NOT
9031,NOT
9032,NOT
9033,NOT
9034,NOT
9035,OFF
9036,NOT
9037,NOT
9038,NOT
9039,NOT
9040,NOT
9041,NOT
9042,NOT
9043,NOT
9044,NOT
9045,OFF
9046,NOT
9047,OFF
9048,NOT
9049,NOT
9050,NOT
9051,NOT
9052,NOT
9053,OFF
9054,NOT
9055,NOT
9056,OFF
9057,NOT
9058,NOT
9059,OFF
9060,NOT
9061,NOT
9062,NOT
9063,OFF
9064,NOT
9065,NOT
9066,NOT
9067,NOT
9068,OFF
9069,OFF
9070,NOT
9071,NOT
9072,NOT
9073,NOT
9074,NOT
9075,NOT
9076,NOT
9077,NOT
9078,NOT
9079,NOT
9080,NOT
9081,NOT
9082,NOT
9083,NOT
9084,NOT
9085,NOT
9086,NOT
9087,NOT
9088,NOT
9089,NOT
9090,NOT
9091,NOT
9092,NOT
9093,NOT
9094,OFF
9095,NOT
9096,NOT
9097,NOT
9098,NOT
9099,NOT
9100,NOT
9101,NOT
9102,NOT
9103,NOT
9104,NOT
9105,NOT
9106,NOT
9107,OFF
9108,NOT
9109,OFF
9110,NOT
9111,NOT
9112,OFF
9113,NOT
9114,NOT
9115,NOT
9116,NOT
9117,NOT
9118,NOT
9119,NOT
9120,NOT
9121,NOT
9122,NOT
9123,NOT
9124,NOT
9125,NOT
9126,NOT
9127,NOT
9128,NOT
9129,OFF
9130,NOT
9131,NOT
9132,NOT
9133,NOT
9134,OFF
9135,NOT
9136,NOT
9137,NOT
9138,NOT
9139,NOT
9140,NOT
9141,NOT
9142,OFF
9143,NOT
9144,NOT
9145,NOT
9146,NOT
9147,NOT
9148,NOT
9149,NOT
9150,OFF
9151,NOT
9152,OFF
9153,NOT
9154,OFF
9155,NOT
9156,NOT
9157,NOT
9158,NOT
9159,NOT
9160,NOT
9161,NOT
9162,NOT
9163,NOT
9164,NOT
9165,NOT
9166,NOT
9167,NOT
9168,NOT
9169,NOT
9170,NOT
9171,NOT
9172,NOT
9173,NOT
9174,OFF
9175,NOT
9176,NOT
9177,NOT
9178,NOT
9179,NOT
9180,NOT
9181,NOT
9182,NOT
9183,NOT
9184,OFF
9185,NOT
9186,NOT
9187,NOT
9188,NOT
9189,NOT
9190,NOT
9191,NOT
9192,NOT
9193,OFF
9194,NOT
9195,NOT
9196,NOT
9197,NOT
9198,NOT
9199,NOT
9200,NOT
9201,OFF
9202,OFF
9203,OFF
9204,NOT
9205,OFF
9206,NOT
9207,NOT
9208,NOT
9209,NOT
9210,NOT
9211,OFF
9212,OFF
9213,NOT
9214,NOT
9215,OFF
9216,NOT
9217,NOT
9218,OFF
9219,NOT
9220,NOT
9221,OFF
9222,NOT
9223,NOT
9224,OFF
9225,NOT
9226,OFF
9227,NOT
9228,OFF
9229,NOT
9230,OFF
9231,OFF
9232,NOT
9233,NOT
9234,NOT
9235,OFF
9236,NOT
9237,NOT
9238,NOT
9239,NOT
9240,NOT
9241,NOT
9242,NOT
9243,NOT
9244,NOT
9245,OFF
9246,OFF
9247,NOT
9248,NOT
9249,NOT
9250,NOT
9251,NOT
9252,NOT
9253,NOT
9254,NOT
9255,NOT
9256,NOT
9257,NOT
9258,NOT
9259,NOT
9260,OFF
9261,NOT
9262,NOT
9263,NOT
9264,NOT
9265,NOT
9266,OFF
9267,OFF
9268,NOT
9269,NOT
9270,NOT
9271,NOT
9272,OFF
9273,NOT
9274,NOT
9275,OFF
9276,OFF
9277,NOT
9278,NOT
9279,NOT
9280,OFF
9281,NOT
9282,OFF
9283,NOT
9284,NOT
9285,NOT
9286,NOT
9287,NOT
9288,OFF
9289,NOT
9290,OFF
9291,NOT
9292,OFF
9293,NOT
9294,NOT
9295,NOT
9296,NOT
9297,NOT
9298,OFF
9299,NOT
9300,NOT
9301,NOT
9302,NOT
9303,NOT
9304,OFF
9305,OFF
9306,NOT
9307,NOT
9308,NOT
9309,NOT
9310,OFF
9311,OFF
9312,NOT
9313,OFF
9314,NOT
9315,NOT
9316,OFF
9317,NOT
9318,NOT
9319,NOT
9320,NOT
9321,NOT
9322,NOT
9323,NOT
9324,OFF
9325,OFF
9326,NOT
9327,NOT
9328,NOT
9329,NOT
9330,NOT
9331,OFF
9332,NOT
9333,NOT
9334,NOT
9335,NOT
9336,OFF
9337,NOT
9338,NOT
9339,NOT
9340,NOT
9341,NOT
9342,NOT
9343,NOT
9344,NOT
9345,NOT
9346,NOT
9347,OFF
9348,NOT
9349,OFF
9350,OFF
9351,OFF
9352,NOT
9353,NOT
9354,NOT
9355,NOT
9356,NOT
9357,NOT
9358,NOT
9359,OFF
9360,NOT
9361,NOT
9362,NOT
9363,NOT
9364,NOT
9365,NOT
9366,NOT
9367,NOT
9368,NOT
9369,NOT
9370,NOT
9371,NOT
9372,NOT
9373,OFF
9374,NOT
9375,NOT
9376,NOT
9377,NOT
9378,NOT
9379,NOT
9380,NOT
9381,OFF
9382,OFF
9383,NOT
9384,NOT
9385,NOT
9386,NOT
9387,NOT
9388,NOT
9389,OFF
9390,NOT
9391,NOT
9392,OFF
9393,NOT
9394,NOT
9395,OFF
9396,NOT
9397,NOT
9398,OFF
9399,NOT
9400,NOT
9401,OFF
9402,NOT
9403,OFF
9404,NOT
9405,OFF
9406,NOT
9407,NOT
9408,NOT
9409,NOT
9410,NOT
9411,NOT
9412,NOT
9413,NOT
9414,NOT
9415,NOT
9416,NOT
9417,NOT
9418,OFF
9419,NOT
9420,NOT
9421,OFF
9422,NOT
9423,NOT
9424,OFF
9425,NOT
9426,NOT
9427,NOT
9428,NOT
9429,NOT
9430,OFF
9431,NOT
9432,NOT
9433,NOT
9434,NOT
9435,NOT
9436,NOT
9437,NOT
9438,NOT
9439,NOT
9440,NOT
9441,NOT
9442,NOT
9443,NOT
9444,NOT
9445,NOT
9446,OFF
9447,OFF
9448,OFF
9449,NOT
9450,NOT
9451,NOT
9452,OFF
9453,NOT
9454,OFF
9455,NOT
9456,NOT
9457,NOT
9458,NOT
9459,NOT
9460,NOT
9461,NOT
9462,NOT
9463,NOT
9464,NOT
9465,OFF
9466,NOT
9467,NOT
9468,NOT
9469,NOT
9470,OFF
9471,NOT
9472,NOT
9473,NOT
9474,OFF
9475,NOT
9476,OFF
9477,OFF
9478,NOT
9479,NOT
9480,NOT
9481,NOT
9482,NOT
9483,OFF
9484,NOT
9485,NOT
9486,NOT
9487,NOT
9488,NOT
9489,NOT
9490,NOT
9491,NOT
9492,NOT
9493,NOT
9494,NOT
9495,NOT
9496,NOT
9497,NOT
9498,NOT
9499,NOT
9500,OFF
9501,NOT
9502,OFF
9503,NOT
9504,NOT
9505,NOT
9506,NOT
9507,NOT
9508,NOT
9509,NOT
9510,NOT
9511,NOT
9512,OFF
9513,OFF
9514,NOT
9515,NOT
9516,NOT
9517,NOT
9518,NOT
9519,NOT
9520,NOT
9521,NOT
9522,NOT
9523,NOT
9524,NOT
9525,NOT
9526,NOT
9527,NOT
9528,NOT
9529,NOT
9530,NOT
9531,NOT
9532,OFF
9533,NOT
9534,NOT
9535,NOT
9536,NOT
9537,NOT
9538,NOT
9539,OFF
9540,NOT
9541,NOT
9542,NOT
9543,OFF
9544,NOT
9545,NOT
9546,OFF
9547,NOT
9548,NOT
9549,NOT
9550,NOT
9551,NOT
9552,NOT
9553,NOT
9554,NOT
9555,NOT
9556,NOT
9557,NOT
9558,NOT
9559,NOT
9560,OFF
9561,NOT
9562,NOT
9563,NOT
9564,NOT
9565,NOT
9566,NOT
9567,NOT
9568,NOT
9569,NOT
9570,NOT
9571,NOT
9572,NOT
9573,OFF
9574,NOT
9575,NOT
9576,NOT
9577,NOT
9578,NOT
9579,NOT
9580,NOT
9581,NOT
9582,NOT
9583,NOT
9584,NOT
9585,NOT
9586,NOT
9587,NOT
9588,NOT
9589,NOT
9590,NOT
9591,NOT
9592,NOT
9593,NOT
9594,NOT
9595,NOT
9596,OFF
9597,NOT
9598,NOT
9599,NOT
9600,NOT
9601,NOT
9602,NOT
9603,NOT
9604,NOT
9605,OFF
9606,NOT
9607,NOT
9608,NOT
9609,NOT
9610,NOT
9611,NOT
9612,NOT
9613,OFF
9614,NOT
9615,NOT
9616,NOT
9617,OFF
9618,NOT
9619,NOT
9620,NOT
9621,NOT
9622,NOT
9623,NOT
9624,NOT
9625,NOT
9626,NOT
9627,OFF
9628,NOT
9629,NOT
9630,NOT
9631,NOT
9632,OFF
9633,NOT
9634,NOT
9635,NOT
9636,OFF
9637,NOT
9638,NOT
9639,NOT
9640,NOT
9641,NOT
9642,NOT
9643,NOT
9644,OFF
9645,NOT
9646,NOT
9647,NOT
9648,NOT
9649,NOT
9650,NOT
9651,NOT
9652,NOT
9653,NOT
9654,OFF
9655,OFF
9656,OFF
9657,NOT
9658,NOT
9659,NOT
9660,NOT
9661,OFF
9662,NOT
9663,NOT
9664,NOT
9665,NOT
9666,NOT
9667,NOT
9668,OFF
9669,NOT
9670,NOT
9671,NOT
9672,NOT
9673,NOT
9674,NOT
9675,NOT
9676,OFF
9677,NOT
9678,NOT
9679,NOT
9680,NOT
9681,NOT
9682,NOT
9683,OFF
9684,OFF
9685,NOT
9686,NOT
9687,OFF
9688,NOT
9689,NOT
9690,NOT
9691,NOT
9692,NOT
9693,OFF
9694,NOT
9695,NOT
9696,NOT
9697,NOT
9698,NOT
9699,NOT
9700,NOT
9701,NOT
9702,NOT
9703,NOT
9704,NOT
9705,NOT
9706,NOT
9707,OFF
9708,NOT
9709,NOT
9710,NOT
9711,NOT
9712,OFF
9713,OFF
9714,NOT
9715,OFF
9716,NOT
9717,NOT
9718,NOT
9719,NOT
9720,NOT
9721,NOT
9722,OFF
9723,NOT
9724,NOT
9725,NOT
9726,NOT
9727,NOT
9728,NOT
9729,OFF
9730,NOT
9731,NOT
9732,NOT
9733,NOT
9734,NOT
9735,NOT
9736,NOT
9737,NOT
9738,NOT
9739,NOT
9740,NOT
9741,OFF
9742,NOT
9743,NOT
9744,NOT
9745,NOT
9746,NOT
9747,NOT
9748,NOT
9749,NOT
9750,NOT
9751,NOT
9752,NOT
9753,NOT
9754,NOT
9755,NOT
9756,OFF
9757,OFF
9758,OFF
9759,NOT
9760,NOT
9761,NOT
9762,NOT
9763,NOT
9764,OFF
9765,NOT
9766,OFF
9767,NOT
9768,NOT
9769,NOT
9770,OFF
9771,NOT
9772,NOT
9773,NOT
9774,NOT
9775,NOT
9776,NOT
9777,NOT
9778,OFF
9779,NOT
9780,NOT
9781,NOT
9782,NOT
9783,NOT
9784,NOT
9785,NOT
9786,NOT
9787,NOT
9788,NOT
9789,NOT
9790,NOT
9791,NOT
9792,NOT
9793,NOT
9794,NOT
9795,NOT
9796,NOT
9797,NOT
9798,NOT
9799,NOT
9800,NOT
9801,NOT
9802,NOT
9803,NOT
9804,OFF
9805,NOT
9806,NOT
9807,NOT
9808,NOT
9809,NOT
9810,NOT
9811,NOT
9812,NOT
9813,NOT
9814,OFF
9815,NOT
9816,NOT
9817,NOT
9818,NOT
9819,NOT
9820,NOT
9821,NOT
9822,OFF
9823,NOT
9824,NOT
9825,OFF
9826,NOT
9827,NOT
9828,NOT
9829,NOT
9830,NOT
9831,NOT
9832,NOT
9833,NOT
9834,NOT
9835,NOT
9836,NOT
9837,OFF
9838,OFF
9839,OFF
9840,OFF
9841,OFF
9842,OFF
9843,NOT
9844,NOT
9845,NOT
9846,NOT
9847,NOT
9848,NOT
9849,NOT
9850,OFF
9851,NOT
9852,NOT
9853,NOT
9854,NOT
9855,OFF
9856,NOT
9857,NOT
9858,NOT
9859,OFF
9860,OFF
9861,OFF
9862,NOT
9863,NOT
9864,OFF
9865,NOT
9866,NOT
9867,NOT
9868,NOT
9869,NOT
9870,OFF
9871,NOT
9872,OFF
9873,NOT
9874,NOT
9875,NOT
9876,NOT
9877,NOT
9878,OFF
9879,NOT
9880,NOT
9881,NOT
9882,NOT
9883,NOT
9884,NOT
9885,NOT
9886,NOT
9887,NOT
9888,NOT
9889,NOT
9890,NOT
9891,OFF
9892,NOT
9893,OFF
9894,OFF
9895,NOT
9896,NOT
9897,NOT
9898,NOT
9899,NOT
9900,NOT
9901,NOT
9902,NOT
9903,NOT
9904,NOT
9905,NOT
9906,NOT
9907,OFF
9908,OFF
9909,NOT
9910,NOT
9911,NOT
9912,NOT
9913,OFF
9914,NOT
9915,OFF
9916,NOT
9917,NOT
9918,NOT
9919,NOT
9920,NOT
9921,NOT
9922,OFF
9923,NOT
9924,NOT
9925,NOT
9926,NOT
9927,NOT
9928,OFF
9929,NOT
9930,NOT
9931,OFF
9932,NOT
9933,NOT
9934,OFF
9935,NOT
9936,NOT
9937,NOT
9938,NOT
9939,NOT
9940,NOT
9941,OFF
9942,NOT
9943,NOT
9944,OFF
9945,NOT
9946,OFF
9947,NOT
9948,NOT
9949,NOT
9950,NOT
9951,NOT
9952,NOT
9953,NOT
9954,OFF
9955,NOT
9956,NOT
9957,NOT
9958,NOT
9959,OFF
9960,OFF
9961,NOT
9962,NOT
9963,NOT
9964,NOT
9965,NOT
9966,NOT
9967,OFF
9968,OFF
9969,NOT
9970,OFF
9971,NOT
9972,NOT
9973,NOT
9974,NOT
9975,OFF
9976,NOT
9977,NOT
9978,OFF
9979,NOT
9980,OFF
9981,NOT
9982,OFF
9983,NOT
9984,NOT
9985,NOT
9986,OFF
9987,OFF
9988,OFF
9989,NOT
9990,NOT
9991,NOT
9992,NOT
9993,NOT
9994,OFF
9995,NOT
9996,OFF
9997,NOT
9998,NOT
9999,OFF
10000,OFF
